aoi_yamamoto,Test1111,デザイン制作,チラシ作成・フライヤーデザイン,発注します,視認性の高い【チラシ・フライヤー】を制作します,1万5千円,2024,2,1,2024,3,31,プレスリリースやSNSで使用するクリエイティブ、商品パッケージなどのクリエイティブ制作を依頼します。,当社は、東京を中心としながら、名古屋、台湾に拠点を持ちアジアへ目を向けているIT企業です。,-,-
aoi_yamamoto,Test1111,タスク・作業,テープ起こし・文字起こし,発注します,テープ起こし、文字起こし、おまかせください,10分：600円　2時間程度,2024,1,5,2024,1,31,弊社主催のオンライン座談会の音源から文字起こしをお願いします。,"当社は日本を拠点としたIT企業で、独自のビジョンと革新的なアプローチにより多くのクライアントに価値を提供しています。
日本国内外での展開に注力し東京を中心に名古屋や台湾にも拠点を持つなどアジア市場におけるプレゼンスを強化しています。

私たちはテクノロジーを駆使してクライアントのビジネス課題に対処しデジタルトランスフォーメーションを実現します。
WEB開発、スマートアプリケーション、クラウドソリューションなど、広範なITサービスを提供しクライアントの競争力向上に貢献しています。",-,-
aoi_yamamoto,Test1111,Web制作・Webデザイン,Webサイト運営・保守・HP更新,おまかせください,【wordpress使える方限定】サイト更新作業,"3,000",2024,1,5,2024,3,31,"当社のサイト運営・更新作業担当のスタッフが対応いたします。
ボリュームのある記事の場合は相談させてください。","当社は東京を中心にした多国籍なプレゼンスを誇りそのネットワークを駆使して国際的なITサービスを提供している企業です。
日本国内外において豊富なプロジェクトを成功させてきた実績が私たちの信頼性と実力を証明しています。
特に名古屋と台湾の拠点を通じてアジア市場に積極的に参入し多様なクライアントに最高品質のITソリューションを提供しています。

私たちの使命は最新のテクノロジーとクリエイティブなアプローチを駆使しクライアントのビジョンを実現するお手伝いをすることです。
お客様との協力を大切にし常に最高のサービスとサポートを提供することをお約束いたします。
",-,-
aoi_yamamoto,Test1111,デザイン制作,イラスト制作,発注します,人物・動物など様々なイラスト制作致します,"12,000",2024,2,1,2024,3,31,弊社アカウントのSNSに使うアイコンの制作をお願いいします。,"当社は東京を中心にした多国籍なプレゼンスを誇りそのネットワークを駆使して国際的なITサービスを提供している企業です。
日本国内外において豊富なプロジェクトを成功させてきた実績が私たちの信頼性と実力を証明しています。
特に名古屋と台湾の拠点を通じてアジア市場に積極的に参入し多様なクライアントに最高品質のITソリューションを提供しています。

私たちの使命は最新のテクノロジーとクリエイティブなアプローチを駆使しクライアントのビジョンを実現するお手伝いをすることです。
お客様との協力を大切にし常に最高のサービスとサポートを提供することをお約束いたします。",-,-
aoi_yamamoto,Test1111,デザイン制作,似顔絵・アイコン作成,発注します,SNS、ホームページ、名刺などのアイコン・似顔絵を作成します,"9,000",2024,1,5,2024,1,31,"基本料金：6000円
アイコン用：＋3,000円
弊社アカウントのSNSに使うアイコンの制作をお願いいします。
PNGで納品してください。","当社は東京を中心にした多国籍なプレゼンスを誇りそのネットワークを駆使して国際的なITサービスを提供している企業です。
日本国内外において豊富なプロジェクトを成功させてきた実績が私たちの信頼性と実力を証明しています。
特に名古屋と台湾の拠点を通じてアジア市場に積極的に参入し多様なクライアントに最高品質のITソリューションを提供しています。

私たちの使命は最新のテクノロジーとクリエイティブなアプローチを駆使しクライアントのビジョンを実現するお手伝いをすることです。
お客様との協力を大切にし常に最高のサービスとサポートを提供することをお約束いたします。
",-,-
aoi_yamamoto,Test1111,デザイン制作,漫画制作・絵本作成,発注します,幅広い世代に伝わる漫画を制作します,"16,000",2024,1,5,2024,1,31,"弊社のサービスを紹介する漫画制作をお願いします。
セリフの言語は日本語・英語が必要です。","当社は東京を中心にした多国籍なプレゼンスを誇りそのネットワークを駆使して国際的なITサービスを提供している企業です。
日本国内外において豊富なプロジェクトを成功させてきた実績が私たちの信頼性と実力を証明しています。
特に名古屋と台湾の拠点を通じてアジア市場に積極的に参入し多様なクライアントに最高品質のITソリューションを提供しています。

私たちの使命は最新のテクノロジーとクリエイティブなアプローチを駆使しクライアントのビジョンを実現するお手伝いをすることです。
お客様との協力を大切にし常に最高のサービスとサポートを提供することをお約束いたします。",-,-
aoi_yamamoto,Test1111,デザイン制作,LINEスタンプ作成,発注します,LINEアニメーションスタンプ制作いたします,"40,000",2024,1,5,2024,4,30,"弊社代表の写真からLINEアニメーションスタンプを制作してください。
海外の人にもアピール出来るモノを希望します。","当社は東京を中心にした多国籍なプレゼンスを誇りそのネットワークを駆使して国際的なITサービスを提供している企業です。
日本国内外において豊富なプロジェクトを成功させてきた実績が私たちの信頼性と実力を証明しています。
特に名古屋と台湾の拠点を通じてアジア市場に積極的に参入し多様なクライアントに最高品質のITソリューションを提供しています。

私たちの使命は最新のテクノロジーとクリエイティブなアプローチを駆使しクライアントのビジョンを実現するお手伝いをすることです。
お客様との協力を大切にし常に最高のサービスとサポートを提供することをお約束いたします。",-,-
aoi_yamamoto,Test1111,デザイン制作,名刺作成,発注します,高クオリティのオリジナル名刺を作成します,"7,500",2024,1,20,2024,2,29,"弊社代表の名刺を作り直したいです。
斬新なデザインで女性らしいイメージを期待しております。","当社は東京を中心にした多国籍なプレゼンスを誇りそのネットワークを駆使して国際的なITサービスを提供している企業です。
日本国内外において豊富なプロジェクトを成功させてきた実績が私たちの信頼性と実力を証明しています。
特に名古屋と台湾の拠点を通じてアジア市場に積極的に参入し多様なクライアントに最高品質のITソリューションを提供しています。

私たちの使命は最新のテクノロジーとクリエイティブなアプローチを駆使しクライアントのビジョンを実現するお手伝いをすることです。
お客様との協力を大切にし常に最高のサービスとサポートを提供することをお約束いたします。",-,-
aoi_yamamoto,Test1111,デザイン制作,画像加工・写真編集,発注します,高品質のクオリティーで動画の編集・作成いたします,"15,000",2024,1,10,2024,3,31,"弊社セミナー動画の編集をお願いします。
YouTubeに上げて一般公開したいので見やすい動画編集をしてください。","当社は東京を中心にした多国籍なプレゼンスを誇りそのネットワークを駆使して国際的なITサービスを提供している企業です。
日本国内外において豊富なプロジェクトを成功させてきた実績が私たちの信頼性と実力を証明しています。
特に名古屋と台湾の拠点を通じてアジア市場に積極的に参入し多様なクライアントに最高品質のITソリューションを提供しています。

私たちの使命は最新のテクノロジーとクリエイティブなアプローチを駆使しクライアントのビジョンを実現するお手伝いをすることです。
お客様との協力を大切にし常に最高のサービスとサポートを提供することをお約束いたします。",-,-
aoi_yamamoto,Test1111,写真・動画・ナレーション,声優・ナレーション,発注します,アニメのCV、動画のナレーションなどお任せください,"16,000",2024,1,5,2024,12,31,"弊社サイトの外国向けPR動画のナレーションをお願いします。
希望する言語は、英語・中国語・フランス語です。","当社は東京を中心にした多国籍なプレゼンスを誇りそのネットワークを駆使して国際的なITサービスを提供している企業です。
日本国内外において豊富なプロジェクトを成功させてきた実績が私たちの信頼性と実力を証明しています。
特に名古屋と台湾の拠点を通じてアジア市場に積極的に参入し多様なクライアントに最高品質のITソリューションを提供しています。

私たちの使命は最新のテクノロジーとクリエイティブなアプローチを駆使しクライアントのビジョンを実現するお手伝いをすることです。
お客様との協力を大切にし常に最高のサービスとサポートを提供することをお約束いたします。",-,-
aoi_yamamoto,Test1111,写真・動画・ナレーション,作曲・音源・BGM制作,発注します,オリジナル楽曲の制作承ります,"70,000",2024,1,5,2024,5,31,"弊社サイトの外国向けPR動画のBGMをお願いします。
いくつかパターンがあるのでそれぞれ違うイメージの曲をお願いします。
荘厳なイメージです。","当社は東京を中心にした多国籍なプレゼンスを誇りそのネットワークを駆使して国際的なITサービスを提供している企業です。
日本国内外において豊富なプロジェクトを成功させてきた実績が私たちの信頼性と実力を証明しています。
特に名古屋と台湾の拠点を通じてアジア市場に積極的に参入し多様なクライアントに最高品質のITソリューションを提供しています。

私たちの使命は最新のテクノロジーとクリエイティブなアプローチを駆使しクライアントのビジョンを実現するお手伝いをすることです。
お客様との協力を大切にし常に最高のサービスとサポートを提供することをお約束いたします。",-,-
appbee,Test1111,デザイン制作,ロゴ作成,おまかせください,ホームページのロゴ制作の依頼です,4万円,2024,1,5,2024,2,29,3回まで無償で修正させていただきます,一つ一つのデザインを丁寧な態度で大切に制作しています。,-,-
appbee,Test1111,Web制作・Webデザイン,バナー作成,おまかせください,医療機器企業のwebサイトのバナー作成依頼,"50,000",2024,1,10,2024,3,31,"デザイン：¥20000
HTMLコーディング：¥30000
サイズオプション（複数サイズへの対応可能です。）
","和風アートな墨絵が得意です。
また、各種スポーツなどの躍動感あるイラストや人物以外のアート制作も可能です。",-,-
blueberry,Test1111,デザイン制作,ロゴ作成,おまかせください,ホームページのロゴ制作の依頼です,3万5千円,2024,1,5,2024,2,29,"バナー制作も同様のご予算で対応可能です。
バナー形式（例: JPEG、PNG、GIF）
フォーマットに基づく複数のバージョンの提供","ロゴ、キャラクター、印刷に関わる全てをデザインいたします。
デザイナー歴は20年以上になり、今まで300件以上の実績があります。オーソドックスな正統派デザインから、個性的でユニークな視点のデザインまで幅広くご提案いたします。",-,-
blueberry,Test1111,Web制作・Webデザイン,バナー作成,おまかせください,医療機器企業のwebサイトのバナー作成依頼,"40,000",2024,1,10,2024,3,31,"デザイン：2万円
HTMLコーディング：2万円
素材写真をこちらで用意する場合は追加料金でお願いします。","ロゴ、キャラクター、印刷に関わる全てをデザインいたします。
デザイナー歴は20年以上になり、今まで300件以上の実績があります。オーソドックスな正統派デザインから、個性的でユニークな視点のデザインまで幅広くご提案いたします。",-,-
buleline,Test1111,写真・動画・ナレーション,新規動画作成,おまかせください,お部屋探し用の紹介TikTok動画の制作をお願いします,2万円,2024,1,10,2024,1,31,個別アドバイス込みの見積もりです【企画提案なども含みます】,女性TikTokクリエイターです。TikTok用動画制作ならお任せください。,-,-
buleline,Test1111,写真・動画・ナレーション,写真撮影・素材提供,おまかせください,ブライダル記録・収録撮影のお仕事依頼,3万円,2024,1,10,2024,1,31,テロップなどもこの見積もりで承ります。,"結婚式の動画の編集ならお任せください。
結婚式は一生に一度の特別な瞬間です。その瞬間を美しく捉え、永遠の思い出として残すお手伝いをすることを楽しみにしています。",-,-
cheers,Test1111,Web制作・Webデザイン,ホームページ作成,おまかせください,企業ホームページ作成のお仕事,16万円,2024,1,10,2024,2,29,"・トップページ（8万円）
・会社概要（1万円）
・事業概要（1万円）
・採用情報（2万円）
・問い合わせフォーム（2万円）
・経営成績がわかるページ（2万円）","当方ホームページ制作のプロです。
私は多くの企業とのコラボレーションを通じて効果的なウェブサイトをデザイン・開発しビジネスの成果を高めるお手伝いをしてきました。",-,-
cheers,Test1111,システム開発・運用,Webシステム開発・プログラミング,おまかせください,弊社サービスの開発業務をお願いします,"250,000円",2024,1,5,2024,5,31,"要件定義:5万円
プロジェクトの成功に向けて、クライアントとの要件収集と分析を行います。
設計:5万円
要件に基づいてアーキテクチャやデータベースの設計、UI/UXデザインなどの詳細なプランニングを行います。
開発:10万円
プログラムやコードを開発しシステムを実際に構築します。
プログラミング言語やフレームワークを使用して、システムのコンポーネントや機能を実装します。
テスト:5万円
開発されたシステムをテストしバグやエラーを特定し修正します。","ホームページからシステム開発まで幅広く承ります。 得意分野はワードプレスによる開発です。
国内外のプロジェクトで、開発から運営まで10年以上の実績あり。 ",-,-
cheers,Test1111,システム開発・運用,データベース設計・構築,おまかせください,募集！UI/UXエンジニア・データベースエンジニア,時給：5000円,2024,1,5,2024,3,31,リモートワーク、現場での作業、共に対応可能です。,"使いやすいインターフェースを目指し、ユーザーが直感的に操作できるように設計します。
ユーザーエクスペリエンスを重視します。",-,-
cheers,Test1111,Web制作・Webデザイン,CMS構築・WordPress制作・導入,おまかせください,エステサイトをワードプレスで制作してください,"100,000",2024,1,5,2024,3,31,"固定ページ：1万円 x 7ページ
下層ページ：5千円 x 6ページ","ホームページからシステム開発まで幅広いITソリューションを提供しており、
特にワードプレスを活用した開発において確かな実績を積んでいて国内外のプロジェクトで開発から運営まで10年以上の実績があります。",-,-
cheers,Test1111,Web制作・Webデザイン,Webデザイン,おまかせください,住宅産業メーカーサイトのデザイン改修,"300,000",2024,2,1,2024,3,31,"デザインデータ作成: 10万円
当社の専門家デザイナーがカスタムで魅力的で効果的なデザインを提供いたします。クライアントのブランドとビジョンに合わせたデザインを実現しウェブサイトが目を引くようにします。

HTMLコーディング: 12万円
HTMLコーディングはウェブサイトの基盤であり当社の専門家が最新のウェブスタンダードに準拠したコーディングを提供します。ユーザーフレンドリーで迅速なページ読み込みを保証します。

モバイル対応レスポンシブデザイン: 8万円
ウェブサイトは異なるデバイスでシームレスに表示されるべきです。モバイルフレンドリーなレスポンシブデザインを導入しユーザーエクスペリエンスを最適化します。スマートフォンやタブレットユーザーにも素晴らしい体験を提供します。",当社はホームページからシステム開発まで幅広いITソリューションを提供しており、特にワードプレスを活用した開発において確かな実績を積んでいて国内外のプロジェクトで開発から運営まで10年以上の実績があります。,-,-
cheers,Test1111,Web制作・Webデザイン,HTML・CSSコーディング,おまかせください,多数のプロジェクトに対応できるフロントエンドディベロッパー募集中！,"200,000",2024,1,10,2024,2,29,オフィス勤務、リモートワークともに可能です。,ホームページからシステム開発まで幅広いITソリューションを提供しており、特にワードプレスを活用した開発において確かな実績を積んでいて国内外のプロジェクトで開発から運営まで10年以上の実績があります。,-,-
cheers,Test1111,Web制作・Webデザイン,ランディングページ (LP) 制作,おまかせください,当社サイトのランディングページ制作をお願いします。,"58,000",2024,2,1,2024,3,31,"基本デザインとコーディング: 4万円
レスポンシブデザイン（モバイル対応）:1万8千円
",ホームページからシステム開発まで幅広いITソリューションを提供しており、特にワードプレスを活用した開発において確かな実績を積んでいて国内外のプロジェクトで開発から運営まで10年以上の実績があります。,-,-
cool_noriko,Test1111,Web集客・マーケティング,経営・戦略コンサルティング,発注します,御社の経営の健康診断をおまかせください,2時間（1万2千円）,2024,1,10,2024,1,31,150室以上の宿泊施設を運営しており、収益の最大化と業績向上が最優先事項です。,弊社は、全国47か所/部屋数は150室のホテル・旅館、簡易宿泊所、民泊などの運営代行を営んでいます。,-,-
cool_noriko,Test1111,デザイン制作,チラシ作成・フライヤーデザイン,発注します,視認性の高い【チラシ・フライヤー】を制作します,2万円,2024,2,1,2024,3,31,"・サイズ：A4 カラー印刷
・ページ数：2ページ(A4オモテ・ウラ)
・ロゴ、写真をお渡しいたします",弊社は、全国47か所/部屋数は150室のホテル・旅館、簡易宿泊所、民泊などの運営代行を営んでいます。,-,-
cool_noriko,Test1111,ライティング・翻訳,翻訳・通訳,発注します,英語翻訳・校正、専門分野対応可です,日→英翻訳：8円 / 文字,2024,1,10,2024,1,31,外国のお客様向けパンフレット、チラシなどの翻訳をお願いします。,"弊社は、全国47か所/部屋数は150室のホテル・旅館、簡易宿泊所、民泊などの運営代行を営んでいます。
訪日外国観光客向けのコンシェルジュ機能をもった案内パンフレットの翻訳を依頼させて頂きます。",-,-
cool_noriko,Test1111,デザイン制作,イラスト制作,発注します,人物・動物など様々なイラスト制作致します,"10,000",2024,2,1,2024,3,31,訪日外国観光客向けのコンシェルジュ機能をもった案内パンフレットに使うイラスト制作を依頼させて頂きます。,"弊社は日本国内において全国47か所に及ぶホテル、旅館、簡易宿泊所、そして民泊など多種多様な宿泊施設の運営代行を専門として行っている宿泊業界でのトッププレイヤーです。
私たちはお客様が安心して快適な宿泊体験を楽しめるよう日々努力しサービスの質を向上させることに情熱を注いでいます。

私たちの運営する宿泊施設は個性的で魅力的な場所からビジネスユーザー向けの便利な宿泊施設まで幅広いニーズに対応しています。
お客様にとってくつろぎと快適さを提供することが何よりも重要であり、それを実現するために我々は設備の充実、清潔な環境、心地よいサービスの向上を日々目指しています。
",-,-
cool_noriko,Test1111,デザイン制作,似顔絵・アイコン作成,発注します,SNS、ホームページ、名刺などのアイコン・似顔絵を作成します,"12,000",2024,1,5,2024,1,31,"訪日外国観光客向けのコンシェルジュ機能をもった案内パンフレットに使う弊社スタッフの似顔絵制作を依頼させて頂きます。
基本料金：6000円
全身・背景あり：6,000円
","弊社は日本国内において全国47か所に及ぶホテル、旅館、簡易宿泊所、そして民泊など多種多様な宿泊施設の運営代行を専門として行っている宿泊業界でのトッププレイヤーです。
私たちはお客様が安心して快適な宿泊体験を楽しめるよう日々努力しサービスの質を向上させることに情熱を注いでいます。

私たちの運営する宿泊施設は個性的で魅力的な場所からビジネスユーザー向けの便利な宿泊施設まで幅広いニーズに対応しています。
お客様にとってくつろぎと快適さを提供することが何よりも重要であり、それを実現するために我々は設備の充実、清潔な環境、心地よいサービスの向上を日々目指しています。
",-,-
cool_noriko,Test1111,デザイン制作,漫画制作・絵本作成,発注します,幅広い世代に伝わる漫画を制作します,"12,000",2024,1,5,2024,1,31,訪日外国観光客向けのコンシェルジュ機能をもった案内パンフレット内で掲載する漫画制作を依頼させて頂きます。,"弊社は日本国内において全国47か所に及ぶホテル、旅館、簡易宿泊所、そして民泊など多種多様な宿泊施設の運営代行を専門として行っている宿泊業界でのトッププレイヤーです。
私たちはお客様が安心して快適な宿泊体験を楽しめるよう日々努力しサービスの質を向上させることに情熱を注いでいます。

私たちの運営する宿泊施設は個性的で魅力的な場所からビジネスユーザー向けの便利な宿泊施設まで幅広いニーズに対応しています。
お客様にとってくつろぎと快適さを提供することが何よりも重要であり、それを実現するために我々は設備の充実、清潔な環境、心地よいサービスの向上を日々目指しています。
",-,-
cool_noriko,Test1111,デザイン制作,LINEスタンプ作成,発注します,LINEアニメーションスタンプ制作いたします,"60,000",2024,1,5,2024,4,30,訪日外国観光客向け、国内の観光客向け、2パターンのLINEアニメーションスタンプをお願いしたいです。,"弊社は日本国内において全国47か所に及ぶホテル、旅館、簡易宿泊所、そして民泊など多種多様な宿泊施設の運営代行を専門として行っている宿泊業界でのトッププレイヤーです。
私たちはお客様が安心して快適な宿泊体験を楽しめるよう日々努力しサービスの質を向上させることに情熱を注いでいます。

私たちの運営する宿泊施設は個性的で魅力的な場所からビジネスユーザー向けの便利な宿泊施設まで幅広いニーズに対応しています。
お客様にとってくつろぎと快適さを提供することが何よりも重要であり、それを実現するために我々は設備の充実、清潔な環境、心地よいサービスの向上を日々目指しています。
",-,-
cool_noriko,Test1111,デザイン制作,名刺作成,発注します,高クオリティのオリジナル名刺を作成します,"30,000",2024,1,20,2024,2,29,"当社スタッフが使う外国人のお客様用の名刺を作っていただきたいです。
英語表記となりますが対応可能でしょうか？","弊社は日本国内において全国47か所に及ぶホテル、旅館、簡易宿泊所、そして民泊など多種多様な宿泊施設の運営代行を専門として行っている宿泊業界でのトッププレイヤーです。
私たちはお客様が安心して快適な宿泊体験を楽しめるよう日々努力しサービスの質を向上させることに情熱を注いでいます。

私たちの運営する宿泊施設は個性的で魅力的な場所からビジネスユーザー向けの便利な宿泊施設まで幅広いニーズに対応しています。
お客様にとってくつろぎと快適さを提供することが何よりも重要であり、それを実現するために我々は設備の充実、清潔な環境、心地よいサービスの向上を日々目指しています。
",-,-
cool_noriko,Test1111,デザイン制作,画像加工・写真編集,発注します,高品質のクオリティーで動画の編集・作成いたします,"25,000",2024,1,10,2024,3,31,"外国人のお客様用の動画作成をお願いします。
ナレーションは英語になります。
資料の動画をお送りしますのでわかりやすいように編集してください。","弊社は日本国内において全国47か所に及ぶホテル、旅館、簡易宿泊所、そして民泊など多種多様な宿泊施設の運営代行を専門として行っている宿泊業界でのトッププレイヤーです。
私たちはお客様が安心して快適な宿泊体験を楽しめるよう日々努力しサービスの質を向上させることに情熱を注いでいます。

私たちの運営する宿泊施設は個性的で魅力的な場所からビジネスユーザー向けの便利な宿泊施設まで幅広いニーズに対応しています。
お客様にとってくつろぎと快適さを提供することが何よりも重要であり、それを実現するために我々は設備の充実、清潔な環境、心地よいサービスの向上を日々目指しています。
",-,-
cool_noriko,Test1111,写真・動画・ナレーション,声優・ナレーション,発注します,アニメのCV、動画のナレーションなどお任せください,"30,000",2024,1,5,2024,9,30,"訪日外国人のお客様用の動画を制作しているのですが英語のナレーションを担当してください。
中国語のナレーションも出来るとなお助かります。","弊社は日本国内において全国47か所に及ぶホテル、旅館、簡易宿泊所、そして民泊など多種多様な宿泊施設の運営代行を専門として行っている宿泊業界でのトッププレイヤーです。
私たちはお客様が安心して快適な宿泊体験を楽しめるよう日々努力しサービスの質を向上させることに情熱を注いでいます。

私たちの運営する宿泊施設は個性的で魅力的な場所からビジネスユーザー向けの便利な宿泊施設まで幅広いニーズに対応しています。
お客様にとってくつろぎと快適さを提供することが何よりも重要であり、それを実現するために我々は設備の充実、清潔な環境、心地よいサービスの向上を日々目指しています。
",-,-
cool_noriko,Test1111,写真・動画・ナレーション,作曲・音源・BGM制作,発注します,オリジナル楽曲の制作承ります,"60,000",2024,1,5,2024,5,31,"訪日外国人のお客様用の動画を制作しています。
Instagram、youTube、TikTokで配信する動画です。
動画のBGMとしてインパクトのある楽曲を希望します。","弊社は日本国内において全国47か所に及ぶホテル、旅館、簡易宿泊所、そして民泊など多種多様な宿泊施設の運営代行を専門として行っている宿泊業界でのトッププレイヤーです。
私たちはお客様が安心して快適な宿泊体験を楽しめるよう日々努力しサービスの質を向上させることに情熱を注いでいます。

私たちの運営する宿泊施設は個性的で魅力的な場所からビジネスユーザー向けの便利な宿泊施設まで幅広いニーズに対応しています。
お客様にとってくつろぎと快適さを提供することが何よりも重要であり、それを実現するために我々は設備の充実、清潔な環境、心地よいサービスの向上を日々目指しています。
",-,-
dai_maek,Test1111,Web集客・マーケティング,経営・戦略コンサルティング,発注します,御社の経営の健康診断をおまかせください,2時間（1万円）,2024,1,10,2024,2,29,"医療機器分野における競争が激化している中で、戦略的な方向性を明確にする必要があります。
市場の変化にどのように適応し、成長を促進できるかについてコンサルを求めます。","私たちの会社は、日本の中心地である愛知県に拠点を置いており、医療機器の開発、製造、販売に専念している専門企業です。

医療機器の専門家: 当社は長い歴史と豊富な経験を持つ医療機器の専門家です。私たちのチームは、医療界での最新のトレンドや技術に精通し、最高品質の製品を提供するために日々努力しています。

革新的な製品開発: 医療分野は絶えず進化しており、私たちはその最前線に立つことを誇りに思っています。病気の早期検出や治療の改善に向けた革新的な製品を開発し、医療の質を向上させることに貢献しています。

安全性と品質の重視: 患者様と医療プロフェッショナルに信頼される製品を提供するために、私たちは安全性と品質に特に重点を置いています。厳格な品質管理プロセスを導入し、高い基準を守り続けています。

地域社会への貢献: 愛知県という地域社会への貢献も大切に考えています。地域の医療施設や患者様へのサポートを通じて、地域社会における医療の向上に寄与しています。

私たちの使命は、健康な未来を築くための医療機器を提供することです。日本国内だけでなく、国際的な医療分野においても一層の発展を目指し、未来の医療に貢献し続けます。",-,-
fukuda,Test1111,ライティング・翻訳,翻訳・通訳,発注します,英語翻訳・校正、専門分野対応可です,日→英翻訳：12円 / 文字,2024,1,10,2024,1,31,"ECサイトでは製品に関する専門用語や業界特有の言葉が使われますので、
正確な翻訳を確保するために業界知識を持つ翻訳者をお願いします。",当社は、大手企業300社、20自治体以上のＥＣサイト制作を行っています。,-,-
fukuda,Test1111,Web制作・Webデザイン,CMS構築・WordPress制作・導入,おまかせください,エステサイトをワードプレスで制作してください,"134,000",2024,1,5,2024,3,31,"固定ページ：1万4千円 x 7ページ
下層ページ：6千円 x 6ページ
当社女性スタッフによる女性目線重視のデザインを提供することが出来ます。","弊社は、幅広いITソリューションを提供する総合的なテクノロジーカンパニーとして、以下の分野で活動しています。

制作開発事業: ウェブサイト、スマートフォンアプリ、基幹システムなどのソフトウェア開発を行い、クライアントのビジネスニーズに合わせたカスタムソリューションを提供しています。最新のテクノロジーを駆使し、効率性とセキュリティを重視したプロジェクトを実施しています。

マーケティング事業: SNS運用からWEB広告まで、オンラインプレゼンスを最大限に活用し、クライアントのブランドを強化し、顧客獲得をサポートしています。戦略的なデジタルマーケティングキャンペーンの設計から実行まで、幅広いマーケティング活動に取り組んでいます。",-,-
fukuda,Test1111,Web制作・Webデザイン,Webサイト運営・保守・HP更新,おまかせください,【wordpress使える方限定】サイト更新作業,"3,200",2024,1,5,2024,3,31,"ワードプレスの扱いに熟知しているスタッフが担当させていただきます。
記事の更新・修正のほかCSS調整なども対応可能です。","当社は、大手企業300社、20自治体以上のＥＣサイト制作を行っています。

当社は誇るべき実績と信頼性を持つＥＣサイト制作のリーディングカンパニーです。
大手企業300社以上との協力実績や20以上の自治体とのプロジェクトを通じてＥＣサイトの分野で確固たる地位を築いてきました。

強みと実績

大手企業とのパートナーシップ: 当社は大手企業との長年にわたる協力を通じてブランドのオンラインプレゼンスを構築・最適化しビジネスの成功を支えてきました。
クライアントからの信頼を築くために、最新のテクノロジーとクリエイティブなアプローチを駆使しています。

自治体との提携: 我々は20以上の自治体と提携し地域社会の発展に貢献しています。
ＥＣサイトを通じて地域の事業者やコミュニティがオンラインで成功を収めるお手伝いをしています。

カスタムソリューション: 顧客のニーズに合わせたカスタムＥＣサイトの開発を得意としデザインからコーディング、セキュリティまで包括的なサポートを提供します。
お客様のビジョンを実現し成果を最大化するために尽力しています。",-,-
fukuda,Test1111,デザイン制作,画像加工・写真編集,発注します,高品質のクオリティーで動画の編集・作成いたします,"20,000",2024,1,10,2024,3,31,"弊社ECサイトの商品紹介ページで使用する動画を作成してください。
商品の販売促進につながるような高クオリティの動画制作を希望します。","当社は、大手企業300社、20自治体以上のＥＣサイト制作を行っています。

当社は誇るべき実績と信頼性を持つＥＣサイト制作のリーディングカンパニーです。
大手企業300社以上との協力実績や20以上の自治体とのプロジェクトを通じてＥＣサイトの分野で確固たる地位を築いてきました。

強みと実績

大手企業とのパートナーシップ: 当社は大手企業との長年にわたる協力を通じてブランドのオンラインプレゼンスを構築・最適化しビジネスの成功を支えてきました。
クライアントからの信頼を築くために、最新のテクノロジーとクリエイティブなアプローチを駆使しています。

自治体との提携: 我々は20以上の自治体と提携し地域社会の発展に貢献しています。
ＥＣサイトを通じて地域の事業者やコミュニティがオンラインで成功を収めるお手伝いをしています。

カスタムソリューション: 顧客のニーズに合わせたカスタムＥＣサイトの開発を得意としデザインからコーディング、セキュリティまで包括的なサポートを提供します。
お客様のビジョンを実現し成果を最大化するために尽力しています。",-,-
fukuda,Test1111,写真・動画・ナレーション,声優・ナレーション,発注します,アニメのCV、動画のナレーションなどお任せください,"20,000",2024,1,5,2024,5,31,"弊社ECサイトの商品紹介ページで使用する動画に登場するキャラクターの声を担当してください。
できれば複数のキャラクターを担当していただけると嬉しいです。","当社は、大手企業300社、20自治体以上のＥＣサイト制作を行っています。

当社は誇るべき実績と信頼性を持つＥＣサイト制作のリーディングカンパニーです。
大手企業300社以上との協力実績や20以上の自治体とのプロジェクトを通じてＥＣサイトの分野で確固たる地位を築いてきました。

強みと実績

大手企業とのパートナーシップ: 当社は大手企業との長年にわたる協力を通じてブランドのオンラインプレゼンスを構築・最適化しビジネスの成功を支えてきました。
クライアントからの信頼を築くために、最新のテクノロジーとクリエイティブなアプローチを駆使しています。

自治体との提携: 我々は20以上の自治体と提携し地域社会の発展に貢献しています。
ＥＣサイトを通じて地域の事業者やコミュニティがオンラインで成功を収めるお手伝いをしています。

カスタムソリューション: 顧客のニーズに合わせたカスタムＥＣサイトの開発を得意としデザインからコーディング、セキュリティまで包括的なサポートを提供します。
お客様のビジョンを実現し成果を最大化するために尽力しています。",-,-
fukuda,Test1111,写真・動画・ナレーション,作曲・音源・BGM制作,発注します,オリジナル楽曲の制作承ります,"50,000",2024,1,5,2024,5,31,"弊社のyouTubeCMのオリジナル曲を制作してください。
歌詞はこちらで用意いたします。
ダンサブルな楽曲が合うと思いますので派手目に作ってください。
","当社は、大手企業300社、20自治体以上のＥＣサイト制作を行っています。

当社は誇るべき実績と信頼性を持つＥＣサイト制作のリーディングカンパニーです。
大手企業300社以上との協力実績や20以上の自治体とのプロジェクトを通じてＥＣサイトの分野で確固たる地位を築いてきました。

強みと実績

大手企業とのパートナーシップ: 当社は大手企業との長年にわたる協力を通じてブランドのオンラインプレゼンスを構築・最適化しビジネスの成功を支えてきました。
クライアントからの信頼を築くために、最新のテクノロジーとクリエイティブなアプローチを駆使しています。

自治体との提携: 我々は20以上の自治体と提携し地域社会の発展に貢献しています。
ＥＣサイトを通じて地域の事業者やコミュニティがオンラインで成功を収めるお手伝いをしています。

カスタムソリューション: 顧客のニーズに合わせたカスタムＥＣサイトの開発を得意としデザインからコーディング、セキュリティまで包括的なサポートを提供します。
お客様のビジョンを実現し成果を最大化するために尽力しています。",-,-
fukuda,Test1111,Web制作・Webデザイン,ランディングページ (LP) 制作,おまかせください,当社サイトのランディングページ制作をお願いします。,"55,000",2024,2,1,2024,3,31,弊社のデザイン担当及びコーディング担当スタッフが対応いたします。,"当社は、誇るべき実績と信頼性を持つＥＣサイト制作のリーディングカンパニーです。大手企業300社以上との協力実績や20以上の自治体とのプロジェクトを通じてＥＣサイトの分野で確固たる地位を築いてきました。

強みと実績

大手企業とのパートナーシップ: 当社は大手企業との長年にわたる協力を通じてブランドのオンラインプレゼンスを構築・最適化しビジネスの成功を支えてきました。クライアントからの信頼を築くために、最新のテクノロジーとクリエイティブなアプローチを駆使しています。

自治体との提携: 我々は20以上の自治体と提携し地域社会の発展に貢献しています。ＥＣサイトを通じて地域の事業者やコミュニティがオンラインで成功を収めるお手伝いをしています。

カスタムソリューション: 顧客のニーズに合わせたカスタムＥＣサイトの開発を得意としデザインからコーディング、セキュリティまで包括的なサポートを提供します。お客様のビジョンを実現し成果を最大化するために尽力しています。",-,-
gdink_lab,Test1111,Web集客・マーケティング,経営・戦略コンサルティング,発注します,御社の経営の健康診断をおまかせください,2時間（1万5千円）,2024,1,10,2024,2,29,"弊社のオーガニック製品（アロマオイル、フローラルウォーター、スキンケア製品など）に関するビジネス戦略の強化が主要な目標です。
競争力のある市場で特にオーガニック製品の需要が高まっているため戦略的アドバイスをお願いします。",弊社は、オーガニックにこだわったアロマオイル、フローラルウォーターやスキンケア製品などを取り揃えているアロマテラピー専門メーカーです。,-,-
gdink_lab,Test1111,デザイン制作,チラシ作成・フライヤーデザイン,発注します,視認性の高い【チラシ・フライヤー】を制作します,1万8千円,2024,2,1,2024,3,31,"「会社案内」のチラシ作成をお願いしたいと思っています
弊社は、現在「会社案内」のチラシ作成プロジェクトを進行中です。このプロジェクトの目的は、当社のビジョン、ミッション、および提供する製品やサービスについて、魅力的で効果的なチラシを制作することです。

重要なポイント
ビジュアル要素: イラスト、写真、カラースキームなどを活用して、チラシを視覚的に魅力的にします。","当社は、オーガニックにこだわった製品を提供するアロマテラピー専門メーカーとして、お客様に健康と幸福を提供する使命を担っています。私たちはアロマオイル、フローラルウォーター、スキンケア製品などの幅広い製品を丁寧に調合し、高品質なアロマテラピー体験を提供しています。

ーー品質へのこだわりーー
製品の品質に絶えず注力しており100%純粋なオーガニック成分を使用しています。製品は厳格な品質管理基準に基づいて製造され、お客様に安全で信頼性の高い製品を提供しています",-,-
gdink_lab,Test1111,デザイン制作,イラスト制作,発注します,人物・動物など様々なイラスト制作致します,"9,000",2024,2,1,2024,3,31,機関誌に掲載する広告用のイラスト制作を依頼します。,"弊社はアロマテラピー専門メーカーとしてオーガニックにこだわった高品質なアロマオイル、フローラルウォーター、スキンケア製品などを厳選しお客様に提供しています。私たちは自然の恵みを活かし心地よい香りと美容効果を追求することに情熱を注いでいます。

私たちのアロマオイルは植物のエッセンスを抽出し純度を保つために最高品質の原材料を使用しています。
その結果お客様には豊かな香りとリラックス効果、そして肌への優しさを提供できる製品が届けられます。
また、フローラルウォーターやスキンケア製品も天然素材をベースに健康的な美しさを追求した製品として多くの方に支持されています。",-,-
gdink_lab,Test1111,デザイン制作,似顔絵・アイコン作成,発注します,SNS、ホームページ、名刺などのアイコン・似顔絵を作成します,"9,000",2024,1,5,2024,1,31,"機関誌に掲載する弊社スタッフの似顔絵作成をお願いします。
（背景なし、上半身、透過画像）
基本料金：6000円
アイコン用：3,000円","弊社はアロマテラピー専門メーカーとしてオーガニックにこだわった高品質なアロマオイル、フローラルウォーター、スキンケア製品などを厳選しお客様に提供しています。私たちは自然の恵みを活かし心地よい香りと美容効果を追求することに情熱を注いでいます。

私たちのアロマオイルは植物のエッセンスを抽出し純度を保つために最高品質の原材料を使用しています。
その結果お客様には豊かな香りとリラックス効果、そして肌への優しさを提供できる製品が届けられます。
また、フローラルウォーターやスキンケア製品も天然素材をベースに健康的な美しさを追求した製品として多くの方に支持されています。",-,-
gdink_lab,Test1111,デザイン制作,漫画制作・絵本作成,発注します,幅広い世代に伝わる漫画を制作します,"12,000",2024,1,5,2024,1,31,"弊社の取り扱い商品を紹介する漫画制作を依頼します。
機関誌に掲載いたします。","弊社はアロマテラピー専門メーカーとしてオーガニックにこだわった高品質なアロマオイル、フローラルウォーター、スキンケア製品などを厳選しお客様に提供しています。私たちは自然の恵みを活かし心地よい香りと美容効果を追求することに情熱を注いでいます。

私たちのアロマオイルは植物のエッセンスを抽出し純度を保つために最高品質の原材料を使用しています。
その結果お客様には豊かな香りとリラックス効果、そして肌への優しさを提供できる製品が届けられます。
また、フローラルウォーターやスキンケア製品も天然素材をベースに健康的な美しさを追求した製品として多くの方に支持されています。",-,-
gdink_lab,Test1111,デザイン制作,LINEスタンプ作成,発注します,LINEアニメーションスタンプ制作いたします,"40,000",2024,1,5,2024,4,30,弊社キャラクターを使ってLINEアニメーションスタンプ制作をお願いします。,"弊社はアロマテラピー専門メーカーとしてオーガニックにこだわった高品質なアロマオイル、フローラルウォーター、スキンケア製品などを厳選しお客様に提供しています。私たちは自然の恵みを活かし心地よい香りと美容効果を追求することに情熱を注いでいます。

私たちのアロマオイルは植物のエッセンスを抽出し純度を保つために最高品質の原材料を使用しています。
その結果お客様には豊かな香りとリラックス効果、そして肌への優しさを提供できる製品が届けられます。
また、フローラルウォーターやスキンケア製品も天然素材をベースに健康的な美しさを追求した製品として多くの方に支持されています。",-,-
gdink_lab,Test1111,デザイン制作,名刺作成,発注します,高クオリティのオリジナル名刺を作成します,"7,500",2024,1,20,2024,2,29,"弊社の営業担当の名刺を作ってください。
営業活動の成否にも関わってくるため適切なイメージの名刺作成をお願いします。","弊社はアロマテラピー専門メーカーとしてオーガニックにこだわった高品質なアロマオイル、フローラルウォーター、スキンケア製品などを厳選しお客様に提供しています。私たちは自然の恵みを活かし心地よい香りと美容効果を追求することに情熱を注いでいます。

私たちのアロマオイルは植物のエッセンスを抽出し純度を保つために最高品質の原材料を使用しています。
その結果お客様には豊かな香りとリラックス効果、そして肌への優しさを提供できる製品が届けられます。
また、フローラルウォーターやスキンケア製品も天然素材をベースに健康的な美しさを追求した製品として多くの方に支持されています。",-,-
knaoya,Test1111,Web制作・Webデザイン,ホームページ作成,おまかせください,企業ホームページ作成のお仕事,18万円,2024,1,10,2024,2,29,"・トップページ（10万円）
・その他のページ：合計（8万円）
","私は貴社のビジョンを実現するために、デザイン、開発、およびデジタルマーケティングのエキスパートとしてのスキルを提供します。
是非、貴社のコーポレートサイト制作のプロジェクトに参加させていただく機会を与えていただければ幸いです。",-,-
knaoya,Test1111,写真・動画・ナレーション,新規動画作成,おまかせください,お部屋探し用の紹介TikTok動画の制作をお願いします,2万5千円,2024,1,10,2024,1,31,"以下の工程の見積もり
1. ヒアリング
2. 素材データのご提供
3. 制作開始
4. 動画のプレビュー・修正
5. 完成動画をご指定フォーマットで納品",3DCGアニメーション、3D-CADデータの映像利用、モーショングラフィックスなど、難易度の高い映像テクニックも対応出来ます,-,-
knaoya,Test1111,写真・動画・ナレーション,写真撮影・素材提供,おまかせください,ブライダル記録・収録撮影のお仕事依頼,3万5千円,2024,1,10,2024,1,31,"撮影・動画編集のみの見積もりです。
音楽などの付け足しは追加料金とさせていください。","結婚式、スピーチ、講演会など幅広いイベントの撮影・収録を行なっています。
完成度の高い記録・収録が行えます。
3DCGアニメーション、3D-CADデータの映像利用、モーショングラフィックスなど、難易度の高い映像テクニックも対応出来ます。",-,-
makedream,Test1111,デザイン制作,ロゴ作成,おまかせください,ホームページのロゴ制作の依頼です,4万5千円,2024,1,5,2024,2,29,"・具体的なイメージについてヒアリング
・ラフを作成
・本制作
以上の含めた見積もりです。",ロゴコンペをはじめ多数の経験&採用実績 がありますので、幅広く対応可能です,-,-
makedream,Test1111,Web制作・Webデザイン,バナー作成,おまかせください,医療機器企業のwebサイトのバナー作成依頼,"60,000",2024,1,10,2024,3,31,"デザイン：3万円
HTMLコーディング：3万円
レスポンシブデザイン（モバイル対応です）","人物イラストから動物のイラストまで様々なイラストに対応可能です。
絵柄はアニメ系、デフォルメ・SD、萌え絵など用途に合わせ幅広く描かせていただきます。",-,-
pro_works,Test1111,システム開発・運用,Webシステム開発・プログラミング,おまかせください,弊社サービスの開発業務をお願いします,"300,000円",2024,1,5,2024,5,31,"弊社の開発担当スタッフがヒアリングに伺いますので見積もりについて詳細な打ち合わせをしてください。
よろしくお願い致します。","私たちの会社は、幅広い分野での高度な専門知識と経験を持つ、総合的なデジタルソリューションを提供する企業です。
当社は2つの主要な分野で活動しています。
・WEBサイト、スマホアプリ、基幹システムなどの制作開発事業
・SNS運用、WEB広告などを行うマーケティング事業
クライアントの成功を支えるために、革新的なアプローチとクリエイティビティを結集しています。
",-,-
pro_works,Test1111,システム開発・運用,データベース設計・構築,おまかせください,募集！UI/UXエンジニア・データベースエンジニア,時給：4000円,2024,1,5,2024,3,31,弊社の不動産に関する知識に長けているスタッフにお任せください。,"私たちの会社は、幅広い分野での高度な専門知識と経験を持つ、総合的なデジタルソリューションを提供する企業です。
当社は2つの主要な分野で活動しています。
・WEBサイト、スマホアプリ、基幹システムなどの制作開発事業
・SNS運用、WEB広告などを行うマーケティング事業
クライアントの成功を支えるために、革新的なアプローチとクリエイティビティを結集しています。",-,-
pro_works,Test1111,タスク・作業,テープ起こし・文字起こし,発注します,テープ起こし、文字起こし、おまかせください,10分：400円　1時間x3本,2024,1,5,2024,1,31,社内研修の資料のため研修動画から文字起こしを依頼させてください。,"私たちの会社は、幅広い分野での高度な専門知識と経験を持つ、総合的なデジタルソリューションを提供する企業です。
当社は2つの主要な分野で活動しています。
・WEBサイト、スマホアプリ、基幹システムなどの制作開発事業
・SNS運用、WEB広告などを行うマーケティング事業
クライアントの成功を支えるために、革新的なアプローチとクリエイティビティを結集しています。",-,-
pro_works,Test1111,Web制作・Webデザイン,Webデザイン,おまかせください,住宅産業メーカーサイトのデザイン改修,"260,000",2024,2,1,2024,3,31,"基本デザイン: 9万円
HTMLコーディング: 9万円
レスポンシブ（モバイル対応）:8万円

クライアントの要望に従い独自のWebデザインを提供します。
デザインはモバイルデバイスにも対応し異なる画面サイズでの利用に適しています。
ページ数やコンテンツの充実度に応じて一貫性のあるデザインを提供しイメージ写真やカスタムグラフィックを組み込みます。","弊社は、幅広いITソリューションを提供する総合的なテクノロジーカンパニーとして、以下の分野で活動しています。

制作開発事業: ウェブサイト、スマートフォンアプリ、基幹システムなどのソフトウェア開発を行い、クライアントのビジネスニーズに合わせたカスタムソリューションを提供しています。最新のテクノロジーを駆使し、効率性とセキュリティを重視したプロジェクトを実施しています。

マーケティング事業: SNS運用からWEB広告まで、オンラインプレゼンスを最大限に活用し、クライアントのブランドを強化し、顧客獲得をサポートしています。戦略的なデジタルマーケティングキャンペーンの設計から実行まで、幅広いマーケティング活動に取り組んでいます。",-,-
pro_works,Test1111,Web制作・Webデザイン,HTML・CSSコーディング,おまかせください,多数のプロジェクトに対応できるフロントエンドディベロッパー募集中！,"220,000",2024,1,10,2024,2,29,弊社のコーディング担当スタッフが対応いたします。,"弊社は、幅広いITソリューションを提供する総合的なテクノロジーカンパニーとして、以下の分野で活動しています。

制作開発事業: ウェブサイト、スマートフォンアプリ、基幹システムなどのソフトウェア開発を行い、クライアントのビジネスニーズに合わせたカスタムソリューションを提供しています。最新のテクノロジーを駆使し、効率性とセキュリティを重視したプロジェクトを実施しています。

マーケティング事業: SNS運用からWEB広告まで、オンラインプレゼンスを最大限に活用し、クライアントのブランドを強化し、顧客獲得をサポートしています。戦略的なデジタルマーケティングキャンペーンの設計から実行まで、幅広いマーケティング活動に取り組んでいます。",-,-
sakasita,Test1111,写真・動画・ナレーション,新規動画作成,おまかせください,お部屋探し用の紹介TikTok動画の制作をお願いします,1万7千円,2024,1,10,2024,1,31,"納品フォーマットに従って最終的な動画を納品するまでの見積もりです。
ストーリーボードの作成、シナリオの策定、映像素材の収集などが含まれます。
エフェクトの追加、音楽の組み込みなどは追加料金とさせてください。","お客様のビジョンを実現するためにお手伝いいたします。
blender(3DCGソフト)によるアニメーションや実写合成、AEによる動画編集、モーショングラフィックを得意としています。",-,-
sakasita,Test1111,写真・動画・ナレーション,写真撮影・素材提供,おまかせください,ブライダル記録・収録撮影のお仕事依頼,33000,2024,1,10,2024,1,31,"編集・テロップ入れ、音楽の付け足しなど、すべて含んでの見積もりです。
よろしくお願いします。","お客様のビジョンを実現するためにお手伝いいたします。
blender(3DCGソフト)によるアニメーションや実写合成、AEによる動画編集、モーショングラフィックを得意としています。",-,-
smartking,Test1111,Web制作・Webデザイン,ホームページ作成,おまかせください,企業ホームページ作成のお仕事,13万円,2024,1,10,2024,2,29,"・トップページ（8万円）
・会社概要（1万円）
・事業概要（1万円）
・採用情報（1万円）
・問い合わせフォーム（1万円）
・経営成績がわかるページ（1万円）","コーポレートサイト制作を通して貴社のビジョンを実現できることを誇りに思います。
企業ホームページ制作における豊富な実績を持っており、会社のオンラインプレゼンスを強化するお手伝いをさせていただきたいと考えています。

以下は、必須ページの制作に対する私のアプローチです：

会社概要:
貴社のビジョン、歴史、およびコアバリューを反映する魅力的な会社概要ページを制作します。顧客やステークホルダーに、貴社のストーリーを魅力的に伝えます。

事業概要:
貴社の事業分野や提供するサービスについて詳細な情報を提供する事業概要ページをデザインします。ビジネスの本質を伝え、訪問者の信頼を築きます。

採用情報:
優れた人材を採用するために、魅力的な採用情報ページを作成します。職種や募集要項、応募プロセスに関する情報を分かりやすく提供します。

問い合わせフォーム:
訪問者が簡単に貴社に問い合わせできるよう、使いやすい問い合わせフォームを統合します。お問い合わせ内容を迅速かつ効果的に処理できるようにサポートします。

経営成績ページ:
貴社の経営成績を透明かつ魅力的に伝えるページを制作します。統計データ、財務情報、および成果を視覚的に示し、信頼性を高めます。
",-,-
smartking,Test1111,システム開発・運用,Webシステム開発・プログラミング,おまかせください,弊社サービスの開発業務をお願いします,"280,000円",2024,1,5,2024,5,31,"システム開発：10万円
デザインファイル作成：8万円
HTMLコーディング：10万円
","ホームページ制作のWebプログラマーとして Webデザインやコーディング・SEO対策など対応出来ます。
 平日は2～3時間、休日は4時間で在宅ワーク可能。",-,-
smartking,Test1111,システム開発・運用,データベース設計・構築,おまかせください,募集！UI/UXエンジニア・データベースエンジニア,時給：4500円,2024,1,5,2024,3,31, 平日は2～3時間、休日は4時間で在宅ワーク可能。,"不動産業界におけるデータベース構築の経験があります。
情報の迅速なアクセス、セキュリティとプライバシーを大切にしています。",-,-
smartking,Test1111,Web制作・Webデザイン,CMS構築・WordPress制作・導入,おまかせください,エステサイトをワードプレスで制作してください,"120,000",2024,1,5,2024,3,31,"固定ページ：12000 x 7ページ
下層ページ：6000 x 6ページ","Webプログラマーとして、ホームページ制作に関する幅広いスキルを持っております。Webデザインからコーディング、さらにSEO対策まで幅広く対応いたします。
Webデザインでは、使いやすく魅力的なユーザーインターフェースを提供し、コーディングではデザインを実現するためのHTMLコーディングを丁寧に行います。
また、SEO対策にも配慮しサイトの検索エンジン最適化に貢献します。",-,-
smartking,Test1111,Web制作・Webデザイン,Webサイト運営・保守・HP更新,おまかせください,【wordpress使える方限定】サイト更新作業,"3,000",2024,1,5,2024,3,31," 平日は2～3時間、休日は4時間で在宅ワーク可能。
デザイン変更なども対応いたします。","ホームページ制作のWebプログラマーとして Webデザインやコーディング・SEO対策など対応出来ます。
ワードプレスの操作は熟知していますので運営・更新はお任せください。",-,-
smartking,Test1111,Web制作・Webデザイン,Webデザイン,おまかせください,住宅産業メーカーサイトのデザイン改修,"220,000",2024,2,1,2024,3,31,"基本デザインとコーディング: 8万円
レスポンシブデザイン（モバイル対応）:8万円
SEO対策: 6万円

プロジェクトの詳細:
クライアントの要望に基づいたカスタムデザイン
レスポンシブデザインによるモバイル対応
サイト内のページ数やコンテンツに応じたデザイン
イメージ写真やグラフィックの組み込み
SEO対策（検索エンジン最適化）の実施（オプション）
サイトの運用・保守（オプション）","Webプログラマーとして、ホームページ制作に関する幅広いスキルを持っております。Webデザインからコーディング、さらにSEO対策まで幅広く対応いたします。在宅ワークも柔軟に対応でき、平日では2～3時間、休日には4時間の作業が可能です。

今回のプロジェクトでは、特にWebデザインとHTMLコーディングを専門に担当いたします。Webデザインでは、使いやすく魅力的なユーザーインターフェースを提供し、コーディングではデザインを実現するためのHTMLコーディングを丁寧に行います。また、SEO対策にも配慮し、サイトの検索エンジン最適化に貢献します。",-,-
smartking,Test1111,Web制作・Webデザイン,HTML・CSSコーディング,おまかせください,多数のプロジェクトに対応できるフロントエンドディベロッパー募集中！,"180,000",2024,1,10,2024,2,29,リモートワークのみ可能です。平日では2～3時間、休日には4時間の作業が可能です。,"Webプログラマーとして、ホームページ制作に関する幅広いスキルを持っております。Webデザインからコーディング、さらにSEO対策まで幅広く対応いたします。在宅ワークも柔軟に対応でき、平日では2～3時間、休日には4時間の作業が可能です。

今回のプロジェクトでは、特にWebデザインとHTMLコーディングを専門に担当いたします。Webデザインでは、使いやすく魅力的なユーザーインターフェースを提供し、コーディングではデザインを実現するためのHTMLコーディングを丁寧に行います。また、SEO対策にも配慮し、サイトの検索エンジン最適化に貢献します。",-,-
smartking,Test1111,Web制作・Webデザイン,ランディングページ (LP) 制作,おまかせください,当社サイトのランディングページ制作をお願いします。,"62,000",2024,2,1,2024,3,31,"デザインデータ作成: 2万円
HTMLコーディング: 3万円
レスポンシブデザイン（モバイル対応）:1万2千円","Webプログラマーとして、ホームページ制作に関する幅広いスキルを持っております。Webデザインからコーディング、さらにSEO対策まで幅広く対応いたします。在宅ワークも柔軟に対応でき、平日では2～3時間、休日には4時間の作業が可能です。

今回のプロジェクトでは、特にWebデザインとHTMLコーディングを専門に担当いたします。Webデザインでは、使いやすく魅力的なユーザーインターフェースを提供し、コーディングではデザインを実現するためのHTMLコーディングを丁寧に行います。また、SEO対策にも配慮し、サイトの検索エンジン最適化に貢献します。",-,-
takumi,Test1111,ライティング・翻訳,翻訳・通訳,発注します,英語翻訳・校正、専門分野対応可です,日→英翻訳：10円 / 文字,2024,1,10,2024,1,31,"音楽ビジネスにおいて契約書は重要ですので、
契約、その他の書類で正確な翻訳が必須です。","当社は音楽ビジネス、マーケティング、およびWEB開発の分野で幅広い専門知識と経験を持つ企業です。
クリエイティブなソリューションと革新的なアイデアを通じてクライアントのニーズを満たし、ビジネスの成功を支援します。
音楽産業は競争が激化しており、アーティストやプロデューサーにとって成功するための正しい戦略が不可欠です。
私たちは音楽プロモーション、ライブイベントの企画・運営、音楽プロダクトの制作など、音楽ビジネス全般でお手伝いします。
アーティストのキャリアを支え、ファンとの繋がりを深める戦略を提供します。",-,-
yousuke_s,Test1111,タスク・作業,テープ起こし・文字起こし,発注します,テープ起こし、文字起こし、おまかせください,10分：500円　1時間半程度,2024,1,5,2024,1,31,当社のセミナー動画から文字起こしをしてください。,弊社は、DX推進コンサル会社として中堅・中小企業様を中心とした取り組みを進めております。,-,-
